filename,caption_ru,caption_lt,split
img_000001.jpg,"Школьники сидят в классе, возле доски стоят учителя и разговаривают с ними.","Moksleiviai sėdi klasėje, o prie lentos stovintys mokytojai su jais kalbasi.",train
img_000002.jpg,Ночной вид огней города на заднем плане с зелеными деревьями на переднем плане.,"Miesto žiburiai naktyje, o pirmame plane — žaliuojantys medžiai.",train
img_000003.jpg,Инсталляция с перевернутыми автоприцепами на фоне облачного дневного неба.,Instaliacija su apverstais nameliais-autopriekabomis debesuoto dangaus fone.,train
img_000004.jpg,Встревоженная женщина из компьютерной экшн игры.,Sunerimusi moteris iš kompiuterinio veiksmo žaidimo.,train
img_000005.jpg,Спящая кошка на природе возле ограды.,Gamtoje prie tvoros mieganti katė.,train
img_000006.jpg,Стена здания с мозаикой в стиле конструктивизма с изображением змея и нескольких людей с крыльями.,"Konstruktyvizmo stiliaus mozaika ant pastato sienos, vaizduojanti gyvatę ir sparnuotus žmones.",train
img_000007.jpg,Стол с бумажными документами и с ноутбуком с открытой презентацией.,"Stalas su dokumentais ir nešiojamuoju kompiuteriu, kuriame atidaryta prezentacija.",train
img_000008.jpg,"Улица с горожанами на велосипедах в квартале с таунхаусами в солнечный день.

",Saulėta diena kotedžų kvartale: gatve važiuojantys miestiečiai su dviračiais.,train
img_000009.jpg,Ночной вид замка из детского парка с красными и синими крышами.,Naktinis vaizdas: vaikų parko pilis raudonais ir mėlynais stogais.,train
img_000010.jpg,Концертное выступление певца и гитариста в приглушенном свете.,Dainininko ir gitaristo pasirodymas prislopintoje šviesoje.,train
img_000011.jpg,"Здание 19 века в европейском городе с припаркованными рядом машинами.

",XIX a. pastatas Europos mieste ir šalia pastatyti automobiliai.,train
img_000012.jpg,"Фотография из закусочной с видом на заснеженные горы, с отражением посетителей в окне.",Nuotrauka iš užkandinės: pro langą matomi apsnigti kalnai ir lankytojų atspindžiai stikle.,train
img_000013.jpg,Уличное выступление людей в теплой стране с пальмами в котором команды строят пирамиды из людей.,Gatvės pasirodymas šiltajame krašte: žmonių komandos po palmėmis stato gyvąsias piramides.,train
img_000014.jpg,Осенний пейзаж с сухой травой и рекой вдалеке.,Rudens peizažas su sausa žole ir tolyje matoma upe.,train
img_000015.jpg,Довольный спортсмен с водной доской на травянистом берегу.,Patenkintas sportininkas su vandenlente žolėtame krante.,train
img_000016.jpg,Вид из окна дома на улицу со зданиями 19 века и припаркованными машинами и зеленеющими деревьями.,"Vaizdas pro namo langą į gatvę su XIX a. pastatais, automobiliais ir žaliuojančiais medžiais.",train
img_000017.jpg,Автобусная остановка на фоне жилых кондоминиумов.,Autobusų stotelė daugiabučių kvartalo fone.,train
img_000018.jpg,"Серфингист гребет, плывя на доске.",Banglentininkas irkluojantis gulėdamas ant lentos.,train
img_000019.jpg,Выступление мужчины перед аудиторией в промышленном здании.,Vyro pranešimas auditorijai pramoniniame pastate.,train
img_000020.jpg,Фотография одетых в костюмы мужчин и женщины приуроченная к мероприятию.,Oficiali kostiumais vilkinčių vyrų ir moters nuotrauka renginio metu.,train
img_000021.jpg,"Фото из судна на котором видно другое речное судно, берег реки и мест.","Vaizdas iš laivo: kitas upinis laivas, upės krantas ir tiltas.",train
img_000022.jpg,"Внутреннее помещение здания библиотеки в современном стиле минимализма.

",Šiuolaikinio minimalizmo stiliaus bibliotekos vidus.,train
img_000023.jpg,"Средневековая площадь со зданиями в виде башен и туристами.

",Viduramžių aikštė su bokšto formos pastatais ir turistais.,train
img_000024.jpg,Счастливая семья зимой - фото на лавочке.,Laiminga šeima žiemą: nuotrauka ant suoliuko.,train
img_000025.jpg,"Кухня кондитерской, где женщина оформляет торт, а мужчина наблюдает.

","Konditerijos virtuvė: moteris puošia tortą, o vyras ją stebi.",train
img_000026.jpg,Мужчина из Юго-восточной Азии в традиционном черном длинном одеянии в коридоре отеля.,Pietryčių Azijos kilmės vyras su tradiciniu ilgu juodu apdaru viešbučio koridoriuje.,train
img_000027.jpg,Трибуна со множеством людей.,Žmonių pilna tribūna.,train
img_000028.jpg,"Безжизненные оранжевые холмы с озером на переднем плане.

",Negyvi oranžiniai kalnai su ežeru pirmame plane.,train
img_000029.jpg,Богато украшенный скульптурами фасад христианского храма.,Skulptūromis gausiai dekoruotas krikščionių šventyklos fasadas.,train
img_000030.jpg,Ретро машина на выставке под открытым небом и посетители.,Parodoje po atviru dangumi eksponuojamas retro automobilis ir lankytojai.,train
img_000031.jpg,Фотография почтовой марки в стиле шарж.,Šaržo stiliaus pašto ženklas.,train
img_000032.jpg,Старая открытка со зданием отеля в США.,Sena atvirutė su JAV viešbučio pastatu.,train
img_000033.jpg,Красный ретро автомобиль выставленный на показ в общественном месте.,Viešoje vietoje eksponuojamas raudonas retro automobilis.,train
img_000034.jpg,Страница книги с двумя изображениями старинных поездов и их описанием.,Knygos puslapis su dviem senovinių traukinių iliustracijomis ir jų aprašymu.,train
img_000035.jpg,Кисти рук сцепленные вместе.,Sunertos rankos.,train
img_000036.jpg,Мужчина в костюме фараона на кухне.,Faraono kostiumu vilkintis vyras virtuvėje.,train
img_000037.jpg,Мужчина играет на скрипке в национальном костюме.,"Tautiniais drabužiais vilkintis vyras, grojantis smuiku.",train
img_000038.jpg,Дети в защитных шлемах играющие в игру с клюшкой и маленьким мячом.,Apsauginius šalmus dėvintys vaikai žaidžia žaidimą su lazdomis ir mažu kamuoliuku.,train
img_000039.jpg,Человек забрасывает невод в море на фоне пирса.,Žmogus metantis tinklą į jūrą prieplaukos fone.,train
img_000040.jpg,Виндсерфер на волнах в море.,Buriuotojas (vindsperfininkas) jūros bangose.,train
img_000041.jpg,Голлум - персонаж из Властелина Колец.,Golumas – „Žiedų valdovo“ personažas.,train
img_000042.jpg,"Молодой человек на театральной сцене с близкого ракурса.

","Jaunas vyras teatro scenoje, stambus planas.",train
img_000043.jpg,Горное озеро в окружении зеленых горных склонов и каменистым берегом.,"Kalnų ežeras, apsuptas žalių šlaitų ir akmenuoto kranto.",train
img_000044.jpg,Собака с маленьким ребенком в игрушечной машине смотрят на море.,Šuo ir mažas vaikas žaisliniame automobilyje žiūri į jūrą.,train
img_000045.jpg,Трасса в американском стиле с заснеженными горами на заднем плане.,Amerikietiško stiliaus greitkelis apsnigtų kalnų fone.,train
img_000046.jpg,Марина с яхтами и лодками в маленьком городке.,Mažo miestelio prieplauka su jachtomis ir valtimis.,train
img_000047.jpg,Темнокожие дети играют на городской улице.,"Tamsiaodžiai vaikai, žaidžiantys miesto gatvėje.",train
img_000048.jpg,Старая открытка с мультипликационными персонажами.,Sena atvirutė su animaciniais herojais.,train
img_000049.jpg,Водопад в озере с цветами и зелеными берегами.,Krioklys ežere su gėlėmis ir žaliuojančiais krantais.,train
img_000050.jpg,Частный большой дом за забором в тени больших деревьев.,"Didelis privatus namas už tvoros, didelių medžių šešėlyje.",train
img_000051.jpg,Молодой человек на лошади в пустыне на окраине города.,"Jaunuolis ant žirgo dykumoje, miesto pakraštyje.",train
img_000052.jpg,Много людей возле реки на фоне индийских храмов.,Daug žmonių prie upės Indijos šventyklų fone.,train
img_000053.jpg,Здание с высоким забором и зелеными деревьями вдоль улицы.,Pastatas su aukšta tvora ir palei gatvę augančiais žaliais medžiais.,train
img_000054.jpg,Выступление человека на конференции.,Žmogaus pranešimas konferencijoje.,train
img_000055.jpg,Пилот частного самолета в очках.,Privataus lėktuvo pilotas su akiniais.,train
img_000056.jpg,Открытка в честь рождения ребенка.,Atvirukas vaiko gimimo proga.,train
img_000057.jpg,Собака отдыхает на диване.,Ant sofos besilsintis šuo.,train
img_000058.jpg,Улица выложенная брусчаткой с припаркованными машинами и старинным зданием.,Grįsta gatvė su priparkuotais automobiliais ir senoviniu pastatu.,train
img_000059.jpg,"Памятник всадника на постаменте, в парке с посетителями вечером.",Raitelio paminklas ant postamento vakariniame parke su lankytojais.,train
img_000060.jpg,Церковный барельеф над входом в христианский храм.,Bažnytinis bareljefas virš įėjimo į krikščionių šventyklą.,train
img_000061.jpg,Старое фото с лошадью и машиной полной людей.,Senas nuotrauka: arklys ir pilnas žmonių automobilis.,train
img_000062.jpg,Футбольные трибуны полные людей с сине-белой атрибутикой.,"Futbolo tribūnos, pilnos žmonių su mėlynai balta atributika.",train
img_000063.jpg,Манипулятор с ковшом демонтирует дорожное покрытие на городской улице.,Ekskavatorius su kaušu ardo gatvės dangą miesto gatvėje.,train
img_000064.jpg,Рука держащая рулон пластыря с ребенком на заднем плане.,"Rankoje laikomas pleistro rulonas, fone matomas vaikas.",train
img_000065.jpg,Белый щенок сидит на полотенце.,Ant rankšluosčio sėdintis baltas šuniukas.,train
img_000066.jpg,Три выпрыгивающих дельфина на выступлении в дельфинарии с восторженными зрителями.,Trys iššokantys delfinai pasirodyme delfinariume ir susižavėję žiūrovai.,train
img_000067.jpg,Фото трех счастливых человек на память сделанное в кафе.,"Trijų laimingų žmonių nuotrauka, daryta kavinėje kaip suvenyras.",train
img_000068.jpg,Дневная панорама исторической части города.,Dieninė istoriaus miesto dalies panorama.,train
img_000069.jpg,Люди на совещании в расслабленной обстановке что-то обсуждают.,Laisvoje aplinkoje diskutuojantys žmonės susirinkimo metu.,train
img_000070.jpg,Черно-белое ретро уличное фото с девушками переходящими дорогу.,Nespalvota retro nuotrauka: gatvę pereinančios merginos.,train
img_000071.jpg,Люди сидят на улице возле стены.,Prie sienos lauke sėdintys žmonės.,train
img_000072.jpg,Строители с чертежами обсуждают детали работы.,Statybininkai su brėžiniais gatvėje aptaria darbo detales.,train
img_000073.jpg,Улица в тени деревьев.,Medžių šešėlyje esanti gatvė.,train
img_000074.jpg,Аллея звезд с пешеходами.,Žvaigždžių alėja su pėsčiaisiais.,train
img_000075.jpg,Мужчина за столом жестикулируя говорит на официальной встрече.,Oficialiame susitikime prie stalo gestikuliuodamas kalba vyras.,train
img_000076.jpg,Фотография наездницы на лошади на ипподроме в солнечный день.,Raitelės nuotrauka ant žirgo hipodrome saulėtą dieną.,train
img_000077.jpg,Панорама частных домов с огородами среди зеленых холмов.,Privačių namų su daržais panorama žaliuojančių kalvų apsuptyje.,train
img_000078.jpg,Доклад на конференции посвященной искусству.,Pranešimas menui skirtoje konferencijoje.,train
img_000079.jpg,Три девушки в кафе за столом с вечерней улицей за окном.,"Trys merginos kavinėje prie stalo, už lango matoma vakarinė gatvė.",train
img_000080.jpg,Лощадь положила голову на каменный забор.,"Arklys, padėjęs galvą ant akmeninės tvoros.",train
img_000081.jpg,Живое выступление группы на концерте.,Gyvas grupės pasirodymas koncerte.,train
img_000082.jpg,Дети разных возрастов читают книгу со сказками.,Įvairaus amžiaus vaikai skaitantys pasakų knygą.,train
img_000083.jpg,Красивое здание на улице и несколько случайно попавших на фото пешеходов.,Gražus pastatas gatvėje ir keli į kadrą patekę pėstieji.,train
img_000084.jpg,Радуга над полем после дождя.,Vaivorykštė virš lauko po lietaus.,train
img_000085.jpg,Две палатки в хвойном лесу.,Dvi palapinės spygliuočių miške.,train
img_000086.jpg,Памятник с изображением двух взрослых и ребенка.,"Paminklas, vaizduojantis du suaugusiuosius ir vaiką.",train
img_000087.jpg,"Палисадник с цветами, гламурно раскрашенными тыквами и гирляндой.","Gėlynas su gėlėmis, dekoratyviai nudažytais moliūgais ir girlianda.",train
img_000088.jpg,Молодая женщина на специально подготовленном фоне мероприятия.,Jauna moteris prie sienos su renginių logotipais.,train
img_000089.jpg,Рисунок карандашами в стиле шарж.,Pieštuku pieštas šaržas.,train
img_000090.jpg,Указательный знак остановки.,Stotelės ženklas.,train
img_000091.jpg,Христианское здание с побеленными стенами и церковными картинами на фасаде.,Baltintas krikščionių pastatas su bažnytiniais paveikslais ant fasado.,train
img_000092.jpg,Автомобиль американского автопрома 20-го века на солнечной улице.,XX a. amerikietiškas automobilis saulėtoje gatvėje.,train
img_000093.jpg,Ребенок взявшийся за дорожный знак Стоп на фоне морского берега.,"Vaikas, laikantis „Stop“ ženklą pajūrio fone.",train
img_000094.jpg,Горный пейзаж с зелеными и заснеженными вдалеке склонами.,Kalnų peizažas su žaliais šlaitais ir snieguotomis viršūnėmis tolyje.,train
img_000095.jpg,Несколько человек сидящих за ноутбуками в общественном пространстве.,Keli viešoje erdvėje prie nešiojamųjų kompiuterių sėdintys žmonės.,train
img_000096.jpg,Люди смотрят как водитель небольшой грузовой машины закрепляет материал в кузове.,"Žmonės stebi, kaip mažo sunkvežimio vairuotojas tvirtina krovinį kėbule.",train
img_000097.jpg,Религиозное здание с большим золотым куполом в окружении небольших белых домиков.,"Religinis pastatas su dideliu auksinu kupolu, apsuptas mažų baltų namelių.",train
img_000098.jpg,Игрок в хоккей с мячом на траве.,Žolės riedulio žaidėjas.,train
img_000099.jpg,Железнодорожный грузовой вагон.,Geležinkelio krovininis vagonas.,train
img_000100.jpg,Бурная река с укрепленными камнем берегами в солнечных лучах на фоне леса.,Srauni upė akmenimis sutvirtintais krantais saulės spinduliuose miško fone.,train
img_000101.jpg,Раскрашенная глиняная игрушка неведомого существа.,Dažytas molinis nežinomos būtybės žaislas.,train
img_000102.jpg,Игроки в американский футбол готовятся к разыгрыванию мяча.,Amerikietiško futbolo žaidėjai ruošiasi kamuolio išžaidimui.,train
img_000103.jpg,Кот сидит на крыше частного дома за забором.,Ant privataus namo stogo už tvoros sėdinti katė.,train
img_000104.jpg,Люди на официальном мероприятии за столом обсуждают детали.,Oficialaus renginio dalyviai prie stalo aptaria detales.,train
img_000105.jpg,Старый белокаменный город с лестницами.,Senas balto mūro miestas su laiptais.,train
img_000106.jpg,Мусор из кофейных стаканчиков на улице города.,Išmesti kavos puodeliai miesto gatvėje.,train
img_000107.jpg,Улицы с едущим трамваем и машинами на фоне старых домов.,Gatvė su važiuojančiu tramvajumi ir automobiliais senų namų fone.,train
img_000108.jpg,Бурная растительность со множеством веток в лесу.,Vešli miško augmenija su daugybe šakų.,train
img_000109.jpg,Арка входных ворот с женщинами стоящими под ней.,Įėjimo vartų arka ir po ja stovinčios moterys.,train
img_000110.jpg,Модель парусного корабля в музее.,Buriuoto laivo modelis muziejuje.,train
img_000111.jpg,Коллекция игрушечных персонажей из комиксов стоящих на витрине. игрушечных персонажей из комиксов стоящих в витрине.,Komiksų personažų figūrėlių kolekcija vitrinoje.,train
img_000112.jpg,Много людей за длинным столом трапезничают.,Daug žmonių vakarieniauja prie ilgo stalo.,train
img_000113.jpg,Остановке на фоне высокой подпорной стены в городе.,Stotelė prie aukštos atraminės sienos mieste.,train
img_000114.jpg,Архитектурная часть храмового восточного комплекса с крышей.,Rytietiškos šventyklos komplekso architektūrinė dalis su stogu.,train
img_000115.jpg,Дети играющие в американский футбол и наблюдающие за ними родители.,Amerikietišką futbolą žaidžiantys vaikai ir juos stebintys tėvai.,train
img_000116.jpg,Девушка ходит вдоль дороги с анкетой.,Gatve su anketa einanti mergina.,train
img_000117.jpg,Международное мероприятие со множеством флагштоков и флагами разных стран.,Tarptautinis renginys su daugybe vėliavų stiebų ir įvairių šalių vėliavomis.,train
img_000118.jpg,Скальный выступ в окружении леса с дорогой у его подножия.,Uolėta atbraila miško apsuptyje ir papėdėje esantis kelias.,train
img_000119.jpg,Танцор в современном стиле на сцене.,Šiuolaikinio stiliaus šokėjas scenoje.,train
img_000120.jpg,Модель машинки на радиоуправлении в разобранном состоянии на улице.,Išmontuotas radijo bangomis valdomas automobilio modelis lauke.,train
img_000121.jpg,Аниме игрушка в товарной упаковке.,Anime žaislas originalioje pakuotėje.,train
img_000122.jpg,Лимоны на дереве в лучах солнца.,Citrinmedis su vaisiais saulės šviesoje.,train
img_000123.jpg,Певец на сцене в свете софитов.,Dainininkas scenoje prožektorių šviesoje.,train
img_000124.jpg,"Официальная встреча за П-образным столом делегатов из разных стран.

",Oficialus susitikimas prie U formos stalo su delegatais iš įvairių šalių.,train
img_000125.jpg,"Старая машина на открытой парковке.

",Senas automobilis atviroje stovėjimo aikštelėje.,train
img_000126.jpg,Пожилой человек за трибуной на конференции делает доклад.,Pagyvenęs vyras skaito pranešimą už tribūnos konferencijoje.,train
img_000127.jpg,Здание аэропорта в США с припаркованными желтыми такси перед главных входом.,JAV oro uosto pastatas su geltonais taksi automobiliais prie pagrindinio įėjimo.,train
img_000128.jpg,Установщик городских видеокамер устанавливает одну из них на столбе стоя на лестнице.,Vaizdo kamerų montuotojas ant kopėčių tvirtina kamerą prie stulpo.,train
img_000129.jpg,Стол с ватманом с набросками разных схем карандашом и с ноутбуком.,"Stalas su brėžinių popieriumi, pieštuku nupieštomis schemomis ir nešiojamuoju kompiuteriu.",train
img_000130.jpg,"Внутреннее убранство католического костела с лавочками и алтарем.

",Katalikų bažnyčios vidus su suolais ir altoriumi.,train
img_000131.jpg,Женщина выбирает фрукты на рынке.,Moteris turguje renkasi vaisius.,train
img_000132.jpg,Желтая гоночная ретро машина на выставке в здании.,Geltonas retro lenktyninis automobilis parodoje pastato viduje.,train
img_000133.jpg,"Широкая река с холмистыми зелеными берегами.

",Plati upė su kalvotais žaliais krantais.,train
img_000134.jpg,Зеленая долина с лесами и рекой.,Žalias slėnis su miškais ir upe.,train
img_000135.jpg,Грудной ребенок сладко спит.,Saldžiai miegantis kūdikis.,train
img_000136.jpg,Два артиста на сцене на выступлении театра теней.,Du artistai šešėlių teatro pasirodyme scenoje.,train
img_000137.jpg,Электрический столб на фоне вечернего неба.,Elektros stulpas vakarinio dangaus fone.,train
img_000138.jpg,Скрытый вход в старинное здание в окружении деревьев.,Medžių apsuptas paslėptas įėjimas į senovinį pastatą.,train
img_000139.jpg,"Теплоход в окружении небольших прибрежных островов в море.

",Keleivinis laivas jūroje tarp nedidelių pakrantės salų.,train
img_000140.jpg,Жилой многоэтажный дом в стиле конструктивизма.,Konstruktyvizmo stiliaus daugiaaukštis gyvenamasis namas.,train
img_000141.jpg,Живописные зеленые залесенные холмы с маленьким домиком.,Vaizdingos žaliuojančios miško kalvos su mažu nameliu.,train
img_000142.jpg,Парусный катамаран в море.,Burinis katamaranas jūroje.,train
img_000143.jpg,Молодые люди в компьютерном клубе.,Jaunimas kompiuterių klube.,train
img_000144.jpg,Птица сидит на макушке дерева в лесу.,Ant medžio viršūnės miške tupintis paukštis.,train
img_000145.jpg,Бурный водопад в хвойном лесу.,Sraunus krioklys spygliuočių miške.,train
img_000146.jpg,Обложка американского фильма 20-го века.,XX a. amerikietiško filmo viršelis.,train
img_000147.jpg,Коллаж картин художника.,Dailininko paveikslų koliažas.,train
img_000148.jpg,Военные обсуждают действия на карте.,Kariai prie žemėlapio aptaria veiksmus.,train
img_000149.jpg,Железнодорожная станция со старым музейным составом на одном из путей..,Geležinkelio stotis su muziejiniu traukiniu viename iš kelyje.,train
img_000150.jpg,Пешеходы и люди с велосипедами на оживленной городской улице.,Pėstieji ir žmonės su dviračiais judrioje miesto gatvėje.,train
img_000151.jpg,"Два котенка любопытно изучают природу загородного дома.

",Du kačiukai smalsiai tyrinėja sodybos gamtą.,train
img_000152.jpg,Городская улица с красивым газоном между двух офисных зданий и временными палатками.,Miesto gatvė su gražia veja tarp dviejų biurų pastatų ir laikinomis palapinėmis.,train
img_000153.jpg,Мост через реку в черте города.,Tiltas per upę miesto ribose.,train
img_000154.jpg,Команды сидящие за круглыми столами за ноутбуками разрабатывают новые идеи.,Prie apvalių stalų su nešiojamaisiais kompiuteriais sėdinčios komandos kuria naujas idėjas.,train
img_000155.jpg,Женщина в театральном плаще стоит на улице и держит что-то в руках.,Gatvėje stovinti moteris su teatrališku apsiaustu kažką laiko rankose.,train
img_000156.jpg,Черно-белое изображение убранства дворца 18-19 веков.,Nespalvota XVIII–XIX a. rūmų interjero nuotrauka.,train
img_000157.jpg,Безлюдная улица в солнечной Греции с пустыми столиками на улице.,Tuščia saulėtos Graikijos gatvė su tuščiais staliukais lauke.,train
img_000158.jpg,Дорога в заросшей сельской инфраструктуре.,Kelias tarp apaugusios kaimo infrastruktūros.,train
img_000159.jpg,Люди сидят в актовом зале в защитных медицинских масках на мероприятии.,Renginio dalyviai akto salėje dėvintys apsaugines medicinines kaukes.,train
img_000160.jpg,Установка металлоконструкции вдоль дороги ночью с помощью автокрана.,Metalinių konstrukcijų montavimas palei kelią naktį naudojant savaeigį kraną.,train
img_000161.jpg,Флаг африканской страны с изображением женщины и детей.,"Afrikos šalies vėliava, vaizduojanti moterį ir vaikus.",train
img_000162.jpg,Мужчина в пиджаке и женщина с детьми за столом во время праздничного события.,Šventinio renginio metu prie stalo sėdintis vyras su švarku ir moteris su vaikais.,train
img_000163.jpg,Въезд на зеленое поле со стороны дороги в солнечный день.,Įvažiavimas į žaliuojantį lauką iš kelio pusės saulėtą dieną.,train
img_000164.jpg,Птица на столбике в лесной местности.,Ant stulpelio miško vietovėje tupintis paukštis.,train
img_000165.jpg,Спортивная машина на асфальтовой дороге.,Sportinis automobilis ant asfalto dangos.,train
img_000166.jpg,"Коллаж фотографий с различных мероприятий.

",Įvairių renginių nuotraukų koliažas.,train
img_000167.jpg,"Крупная гусеничная спецтехника работает в лесной местности.

",Didelė vikšrinė specialioji technika dirba miško vietovėje.,train
img_000168.jpg,Собака сладко спит днем на покрывале в доме.,Namie ant užtiesalo dieną saldžiai miegantis šuo.,train
img_000169.jpg,Ночное небо со множеством звезд и одиноким деревом.,Naktinis dangus su daugybe žvaigždžių ir vienišu medžiu.,train
img_000170.jpg,Две лыжницы на туристическом горнолыжном склоне.,Dvi slidininkės turistinėje kalnų slidinėjimo trasoje.,train
img_000171.jpg,Надвигающаяся грозовая туча над склонами гор.,Artėjantis audros debesis virš kalnų šlaitų.,train
img_000172.jpg,Люди в кафе сделанном на основе вагончика.,"Žmonės kavinėje, įrengtoje vagone.",train
img_000173.jpg,Рыночная улочка в восточноазиатском городе с заполненными товарами прилавками.,Rytų Azijos miesto turgavietės gatvelė su prekėmis užpildytais prekystaliais.,train
img_000174.jpg,"Стол с книгами лежащими на продажу.

",Pardavimui skirtų knygų stalas.,train
img_000175.jpg,Многоярусные трибуны полные людей на матче по бейсболу.,"Daugiaaukštės tribūnos, pilnos žmonių beisbolo varžybose.",train
img_000176.jpg,Люди на мероприятии на открытом воздухе на газоне с собаками и велосипедами.,"Žmonės renginyje po atviru dangumi: veja, šunys ir dviračiai.",train
img_000177.jpg,Осенний пейзаж с сухой травой и речкой.,Rudens peizažas su sausa žole ir upeliu.,train
img_000178.jpg,Палуба парусной яхты в солнечном свете.,Burinės jachtos denis saulės šviesoje.,train
img_000179.jpg,Много велосипедистов ночью на улице.,Daug dviratininkų naktinėje gatvėje.,train
img_000180.jpg,Веселая компания людей празднует за круглым столом.,Linksma žmonių kompanija švenčia prie apvalaus stalo.,train
img_000181.jpg,Живое выступление рок музыкантов на сцене в красных тонах.,Gyvas roko muzikantų pasirodymas raudonų tonų apšviestoje scenoje.,train
img_000182.jpg,Довольный человек обнимает любя белую собаку-пуделя.,Laimingas žmogus meiliai apkabinęs baltą pudelį.,train
img_000183.jpg,"Семья с детьми на улице в парке.

",Šeima su vaikais parke.,train
img_000184.jpg,"Открытка с черным ретро автомобилем.


",Atvirukas su juodu retro automobiliu.,train
img_000185.jpg,"Компания людей за столом что-то активно обсуждают за трапезой.

",Prie stalo vakarieniaujanti žmonių kompanija aktyviai kažką aptaria.,train
img_000186.jpg,"Улица большого города с многоэтажными домами и машинами.

",Didmiesčio gatvė su daugiaaukščiais pastatais ir automobiliais.,train
img_000187.jpg,Фото скального выступа заросшего лесом и лесистой местностью с частными домами и огородами.,Mišku apaugusi uolėta atbraila ir miškinga vietovė su privačiais namais bei daržais.,train
img_000188.jpg,"Своды дворца с богатым убранством в стиле барокко, и евангелическими фресками на потолке.",Prabangus baroko stiliaus rūmų skliautas su evangeliškomis freskomis ant lubų.,train
img_000189.jpg,"Велосипедист-горожанин на фоне фасада здания со множеством одинаковых окон.

",Miesto dviratininkas pastato fasado su daugybe vienodų langų fone.,train
img_000190.jpg,"Компания молодых людей на прогулке в сельской гористой местности.

",Jaunų žmonių kompanija pasivaikščiojimo metu kalnuotoje kaimo vietovėje.,train
img_000191.jpg,"Лодка перевозящая людей недалеко от пристани.

",Netoli prieplaukos žmones plukdanti valtis.,train
img_000192.jpg,"Здание христианского храма на фоне зеленого городка вечером.

",Krikščionių šventyklos pastatas žalio miestelio fone vakare.,train
img_000193.jpg,"Компания людей в гостях поздравляют именинника.

",Svečiuose esanti žmonių kompanija sveikina jubiliatą.,train
img_000194.jpg,"Одиноко стоящее дерево на фоне голубого неба.

",Vienišas medis žydro dangaus fone.,train
img_000195.jpg,Величественный шпиль готического собора.,Didinga gotikinės katedros smailė.,train
img_000196.jpg,"Музыкант за электронным синтезатором и гитарист выступают перед публикой в баре.

",Muzikantas prie elektroninio sintezatoriaus ir gitaristas koncertuoja publikai bare.,train
img_000197.jpg,"Игроки школьных баскетбольных команд застыли в ожидании куда отскочит мяч.

","Mokyklų krepšinio komandų žaidėjai, sustingę belaukiant atšokančio kamuolio.",train
img_000198.jpg,"Фасадная часть жилого малоэтажного многоквартирного здания с кирпичной отделкой.

",Mažaaukščio daugiabučio gyvenamojo namo fasado dalis su plytų apdaila.,train
img_000199.jpg,"Сноубордист во время прыжка на фоне голубого неба.

",Snieglentininkas šuolio metu žydro dangaus fone.,train
img_000200.jpg,"Важная встреча за круглым столом официальных делегаций.

",Svarbus oficialių delegacijų susitikimas prie apvalaus stalo.,train
img_000201.jpg,,,train
img_000202.jpg,,,train
img_000203.jpg,,,train
img_000204.jpg,,,train
img_000205.jpg,,,train
img_000206.jpg,,,train
img_000207.jpg,,,train
img_000208.jpg,,,train
img_000209.jpg,,,train
img_000210.jpg,,,train
img_000211.jpg,,,train
img_000212.jpg,,,train
img_000213.jpg,,,train
img_000214.jpg,,,train
img_000215.jpg,,,train
img_000216.jpg,,,train
img_000217.jpg,,,train
img_000218.jpg,,,train
img_000219.jpg,,,train
img_000220.jpg,,,train
img_000221.jpg,,,train
img_000222.jpg,,,train
img_000223.jpg,,,train
img_000224.jpg,,,train
img_000225.jpg,,,train
img_000226.jpg,,,train
img_000227.jpg,,,train
img_000228.jpg,,,train
img_000229.jpg,,,train
img_000230.jpg,,,train
img_000231.jpg,,,train
img_000232.jpg,,,train
img_000233.jpg,,,train
img_000234.jpg,,,train
img_000235.jpg,,,train
img_000236.jpg,,,train
img_000237.jpg,,,train
img_000238.jpg,,,train
img_000239.jpg,,,train
img_000240.jpg,,,train
img_000241.jpg,,,train
img_000242.jpg,,,train
img_000243.jpg,,,train
img_000244.jpg,,,train
img_000245.jpg,,,train
img_000246.jpg,,,train
img_000247.jpg,,,train
img_000248.jpg,,,train
img_000249.jpg,,,train
img_000250.jpg,,,train
img_000251.jpg,,,train
img_000252.jpg,,,train
img_000253.jpg,,,train
img_000254.jpg,,,train
img_000255.jpg,,,train
img_000256.jpg,,,train
img_000257.jpg,,,train
img_000258.jpg,,,train
img_000259.jpg,,,train
img_000260.jpg,,,train
img_000261.jpg,,,train
img_000262.jpg,,,train
img_000263.jpg,,,train
img_000264.jpg,,,train
img_000265.jpg,,,train
img_000266.jpg,,,train
img_000267.jpg,,,train
img_000268.jpg,,,train
img_000269.jpg,,,train
img_000270.jpg,,,train
img_000271.jpg,,,train
img_000272.jpg,,,train
img_000273.jpg,,,train
img_000274.jpg,,,train
img_000275.jpg,,,train
img_000276.jpg,,,train
img_000277.jpg,,,train
img_000278.jpg,,,train
img_000279.jpg,,,train
img_000280.jpg,,,train
img_000281.jpg,,,train
img_000282.jpg,,,train
img_000283.jpg,,,train
img_000284.jpg,,,train
img_000285.jpg,,,train
img_000286.jpg,,,train
img_000287.jpg,,,train
img_000288.jpg,,,train
img_000289.jpg,,,train
img_000290.jpg,,,train
img_000291.jpg,,,train
img_000292.jpg,,,train
img_000293.jpg,,,train
img_000294.jpg,,,train
img_000295.jpg,,,train
img_000296.jpg,,,train
img_000297.jpg,,,train
img_000298.jpg,,,train
img_000299.jpg,,,train
img_000300.jpg,,,train
img_000301.jpg,,,train
img_000302.jpg,,,train
img_000303.jpg,,,train
img_000304.jpg,,,train
img_000305.jpg,,,train
img_000306.jpg,,,train
img_000307.jpg,,,train
img_000308.jpg,,,train
img_000309.jpg,,,train
img_000310.jpg,,,train
img_000311.jpg,,,train
img_000312.jpg,,,train
img_000313.jpg,,,train
img_000314.jpg,,,train
img_000315.jpg,,,train
img_000316.jpg,,,train
img_000317.jpg,,,train
img_000318.jpg,,,train
img_000319.jpg,,,train
img_000320.jpg,,,train
img_000321.jpg,,,train
img_000322.jpg,,,train
img_000323.jpg,,,train
img_000324.jpg,,,train
img_000325.jpg,,,train
img_000326.jpg,,,train
img_000327.jpg,,,train
img_000328.jpg,,,train
img_000329.jpg,,,train
img_000330.jpg,,,train
img_000331.jpg,,,train
img_000332.jpg,,,train
img_000333.jpg,,,train
img_000334.jpg,,,train
img_000335.jpg,,,train
img_000336.jpg,,,train
img_000337.jpg,,,train
img_000338.jpg,,,train
img_000339.jpg,,,train
img_000340.jpg,,,train
img_000341.jpg,,,train
img_000342.jpg,,,train
img_000343.jpg,,,train
img_000344.jpg,,,train
img_000345.jpg,,,train
img_000346.jpg,,,train
img_000347.jpg,,,train
img_000348.jpg,,,train
img_000349.jpg,,,train
img_000350.jpg,,,train
img_000351.jpg,,,train
img_000352.jpg,,,train
img_000353.jpg,,,train
img_000354.jpg,,,train
img_000355.jpg,,,train
img_000356.jpg,,,train
img_000357.jpg,,,train
img_000358.jpg,,,train
img_000359.jpg,,,train
img_000360.jpg,,,train
img_000361.jpg,,,train
img_000362.jpg,,,train
img_000363.jpg,,,train
img_000364.jpg,,,train
img_000365.jpg,,,train
img_000366.jpg,,,train
img_000367.jpg,,,train
img_000368.jpg,,,train
img_000369.jpg,,,train
img_000370.jpg,,,train
img_000371.jpg,,,train
img_000372.jpg,,,train
img_000373.jpg,,,train
img_000374.jpg,,,train
img_000375.jpg,,,train
img_000376.jpg,,,train
img_000377.jpg,,,train
img_000378.jpg,,,train
img_000379.jpg,,,train
img_000380.jpg,,,train
img_000381.jpg,,,train
img_000382.jpg,,,train
img_000383.jpg,,,train
img_000384.jpg,,,train
img_000385.jpg,,,train
img_000386.jpg,,,train
img_000387.jpg,,,train
img_000388.jpg,,,train
img_000389.jpg,,,train
img_000390.jpg,,,train
img_000391.jpg,,,train
img_000392.jpg,,,train
img_000393.jpg,,,train
img_000394.jpg,,,train
img_000395.jpg,,,train
img_000396.jpg,,,train
img_000397.jpg,,,train
img_000398.jpg,,,train
img_000399.jpg,,,train
img_000400.jpg,,,train
img_000401.jpg,,,train
img_000402.jpg,,,train
img_000403.jpg,,,train
img_000404.jpg,,,train
img_000405.jpg,,,train
img_000406.jpg,,,train
img_000407.jpg,,,train
img_000408.jpg,,,train
img_000409.jpg,,,train
img_000410.jpg,,,train
img_000411.jpg,,,train
img_000412.jpg,,,train
img_000413.jpg,,,train
img_000414.jpg,,,train
img_000415.jpg,,,train
img_000416.jpg,,,train
img_000417.jpg,,,train
img_000418.jpg,,,train
img_000419.jpg,,,train
img_000420.jpg,,,train
img_000421.jpg,,,train
img_000422.jpg,,,train
img_000423.jpg,,,train
img_000424.jpg,,,train
img_000425.jpg,,,train
img_000426.jpg,,,train
img_000427.jpg,,,train
img_000428.jpg,,,train
img_000429.jpg,,,train
img_000430.jpg,,,train
img_000431.jpg,,,train
img_000432.jpg,,,train
img_000433.jpg,,,train
img_000434.jpg,,,train
img_000435.jpg,,,train
img_000436.jpg,,,train
img_000437.jpg,,,train
img_000438.jpg,,,train
img_000439.jpg,,,train
img_000440.jpg,,,train
img_000441.jpg,,,train
img_000442.jpg,,,train
img_000443.jpg,,,train
img_000444.jpg,,,train
img_000445.jpg,,,train
img_000446.jpg,,,train
img_000447.jpg,,,train
img_000448.jpg,,,train
img_000449.jpg,,,train
img_000450.jpg,,,train
img_000451.jpg,,,train
img_000452.jpg,,,train
img_000453.jpg,,,train
img_000454.jpg,,,train
img_000455.jpg,,,train
img_000456.jpg,,,train
img_000457.jpg,,,train
img_000458.jpg,,,train
img_000459.jpg,,,train
img_000460.jpg,,,train
img_000461.jpg,,,train
img_000462.jpg,,,train
img_000463.jpg,,,train
img_000464.jpg,,,train
img_000465.jpg,,,train
img_000466.jpg,,,train
img_000467.jpg,,,train
img_000468.jpg,,,train
img_000469.jpg,,,train
img_000470.jpg,,,train
img_000471.jpg,,,train
img_000472.jpg,,,train
img_000473.jpg,,,train
img_000474.jpg,,,train
img_000475.jpg,,,train
img_000476.jpg,,,train
img_000477.jpg,,,train
img_000478.jpg,,,train
img_000479.jpg,,,train
img_000480.jpg,,,train
img_000481.jpg,,,train
img_000482.jpg,,,train
img_000483.jpg,,,train
img_000484.jpg,,,train
img_000485.jpg,,,train
img_000486.jpg,,,train
img_000487.jpg,,,train
img_000488.jpg,,,train
img_000489.jpg,,,train
img_000490.jpg,,,train
img_000491.jpg,,,train
img_000492.jpg,,,train
img_000493.jpg,,,train
img_000494.jpg,,,train
img_000495.jpg,,,train
img_000496.jpg,,,train
img_000497.jpg,,,train
img_000498.jpg,,,train
img_000499.jpg,,,train
img_000500.jpg,,,train
img_000501.jpg,,,train
img_000502.jpg,,,train
img_000503.jpg,,,train
img_000504.jpg,,,train
img_000505.jpg,,,train
img_000506.jpg,,,train
img_000507.jpg,,,train
img_000508.jpg,,,train
img_000509.jpg,,,train
img_000510.jpg,,,train
img_000511.jpg,,,train
img_000512.jpg,,,train
img_000513.jpg,,,train
img_000514.jpg,,,train
img_000515.jpg,,,train
img_000516.jpg,,,train
img_000517.jpg,,,train
img_000518.jpg,,,train
img_000519.jpg,,,train
img_000520.jpg,,,train
img_000521.jpg,,,train
img_000522.jpg,,,train
img_000523.jpg,,,train
img_000524.jpg,,,train
img_000525.jpg,,,train
img_000526.jpg,,,train
img_000527.jpg,,,train
img_000528.jpg,,,train
img_000529.jpg,,,train
img_000530.jpg,,,train
img_000531.jpg,,,train
img_000532.jpg,,,train
img_000533.jpg,,,train
img_000534.jpg,,,train
img_000535.jpg,,,train
img_000536.jpg,,,train
img_000537.jpg,,,train
img_000538.jpg,,,train
img_000539.jpg,,,train
img_000540.jpg,,,train
img_000541.jpg,,,train
img_000542.jpg,,,train
img_000543.jpg,,,train
img_000544.jpg,,,train
img_000545.jpg,,,train
img_000546.jpg,,,train
img_000547.jpg,,,train
img_000548.jpg,,,train
img_000549.jpg,,,train
img_000550.jpg,,,train
img_000551.jpg,,,train
img_000552.jpg,,,train
img_000553.jpg,,,train
img_000554.jpg,,,train
img_000555.jpg,,,train
img_000556.jpg,,,train
img_000557.jpg,,,train
img_000558.jpg,,,train
img_000559.jpg,,,train
img_000560.jpg,,,train
img_000561.jpg,,,train
img_000562.jpg,,,train
img_000563.jpg,,,train
img_000564.jpg,,,train
img_000565.jpg,,,train
img_000566.jpg,,,train
img_000567.jpg,,,train
img_000568.jpg,,,train
img_000569.jpg,,,train
img_000570.jpg,,,train
img_000571.jpg,,,train
img_000572.jpg,,,train
img_000573.jpg,,,train
img_000574.jpg,,,train
img_000575.jpg,,,train
img_000576.jpg,,,train
img_000577.jpg,,,train
img_000578.jpg,,,train
img_000579.jpg,,,train
img_000580.jpg,,,train
img_000581.jpg,,,train
img_000582.jpg,,,train
img_000583.jpg,,,train
img_000584.jpg,,,train
img_000585.jpg,,,train
img_000586.jpg,,,train
img_000587.jpg,,,train
img_000588.jpg,,,train
img_000589.jpg,,,train
img_000590.jpg,,,train
img_000591.jpg,,,train
img_000592.jpg,,,train
img_000593.jpg,,,train
img_000594.jpg,,,train
img_000595.jpg,,,train
img_000596.jpg,,,train
img_000597.jpg,,,train
img_000598.jpg,,,train
img_000599.jpg,,,train
img_000600.jpg,,,train
img_000601.jpg,,,train
img_000602.jpg,,,train
img_000603.jpg,,,train
img_000604.jpg,,,train
img_000605.jpg,,,train
img_000606.jpg,,,train
img_000607.jpg,,,train
img_000608.jpg,,,train
img_000609.jpg,,,train
img_000610.jpg,,,train
img_000611.jpg,,,train
img_000612.jpg,,,train
img_000613.jpg,,,train
img_000614.jpg,,,train
img_000615.jpg,,,train
img_000616.jpg,,,train
img_000617.jpg,,,train
img_000618.jpg,,,train
img_000619.jpg,,,train
img_000620.jpg,,,train
img_000621.jpg,,,train
img_000622.jpg,,,train
img_000623.jpg,,,train
img_000624.jpg,,,train
img_000625.jpg,,,train
img_000626.jpg,,,train
img_000627.jpg,,,train
img_000628.jpg,,,train
img_000629.jpg,,,train
img_000630.jpg,,,train
img_000631.jpg,,,train
img_000632.jpg,,,train
img_000633.jpg,,,train
img_000634.jpg,,,train
img_000635.jpg,,,train
img_000636.jpg,,,train
img_000637.jpg,,,train
img_000638.jpg,,,train
img_000639.jpg,,,train
img_000640.jpg,,,train
img_000641.jpg,,,train
img_000642.jpg,,,train
img_000643.jpg,,,train
img_000644.jpg,,,train
img_000645.jpg,,,train
img_000646.jpg,,,train
img_000647.jpg,,,train
img_000648.jpg,,,train
img_000649.jpg,,,train
img_000650.jpg,,,train
img_000651.jpg,,,train
img_000652.jpg,,,train
img_000653.jpg,,,train
img_000654.jpg,,,train
img_000655.jpg,,,train
img_000656.jpg,,,train
img_000657.jpg,,,train
img_000658.jpg,,,train
img_000659.jpg,,,train
img_000660.jpg,,,train
img_000661.jpg,,,train
img_000662.jpg,,,train
img_000663.jpg,,,train
img_000664.jpg,,,train
img_000665.jpg,,,train
img_000666.jpg,,,train
img_000667.jpg,,,train
img_000668.jpg,,,train
img_000669.jpg,,,train
img_000670.jpg,,,train
img_000671.jpg,,,train
img_000672.jpg,,,train
img_000673.jpg,,,train
img_000674.jpg,,,train
img_000675.jpg,,,train
img_000676.jpg,,,train
img_000677.jpg,,,train
img_000678.jpg,,,train
img_000679.jpg,,,train
img_000680.jpg,,,train
img_000681.jpg,,,train
img_000682.jpg,,,train
img_000683.jpg,,,train
img_000684.jpg,,,train
img_000685.jpg,,,train
img_000686.jpg,,,train
img_000687.jpg,,,train
img_000688.jpg,,,train
img_000689.jpg,,,train
img_000690.jpg,,,train
img_000691.jpg,,,train
img_000692.jpg,,,train
img_000693.jpg,,,train
img_000694.jpg,,,train
img_000695.jpg,,,train
img_000696.jpg,,,train
img_000697.jpg,,,train
img_000698.jpg,,,train
img_000699.jpg,,,train
img_000700.jpg,,,train
img_000701.jpg,,,train
img_000702.jpg,,,train
img_000703.jpg,,,train
img_000704.jpg,,,train
img_000705.jpg,,,train
img_000706.jpg,,,train
img_000707.jpg,,,train
img_000708.jpg,,,train
img_000709.jpg,,,train
img_000710.jpg,,,train
img_000711.jpg,,,train
img_000712.jpg,,,train
img_000713.jpg,,,train
img_000714.jpg,,,train
img_000715.jpg,,,train
img_000716.jpg,,,train
img_000717.jpg,,,train
img_000718.jpg,,,train
img_000719.jpg,,,train
img_000720.jpg,,,train
img_000721.jpg,,,train
img_000722.jpg,,,train
img_000723.jpg,,,train
img_000724.jpg,,,train
img_000725.jpg,,,train
img_000726.jpg,,,train
img_000727.jpg,,,train
img_000728.jpg,,,train
img_000729.jpg,,,train
img_000730.jpg,,,train
img_000731.jpg,,,train
img_000732.jpg,,,train
img_000733.jpg,,,train
img_000734.jpg,,,train
img_000735.jpg,,,train
img_000736.jpg,,,train
img_000737.jpg,,,train
img_000738.jpg,,,train
img_000739.jpg,,,train
img_000740.jpg,,,train
img_000741.jpg,,,train
img_000742.jpg,,,train
img_000743.jpg,,,train
img_000744.jpg,,,train
img_000745.jpg,,,train
img_000746.jpg,,,train
img_000747.jpg,,,train
img_000748.jpg,,,train
img_000749.jpg,,,train
img_000750.jpg,,,train
img_000751.jpg,,,train
img_000752.jpg,,,train
img_000753.jpg,,,train
img_000754.jpg,,,train
img_000755.jpg,,,train
img_000756.jpg,,,train
img_000757.jpg,,,train
img_000758.jpg,,,train
img_000759.jpg,,,train
img_000760.jpg,,,train
img_000761.jpg,,,train
img_000762.jpg,,,train
img_000763.jpg,,,train
img_000764.jpg,,,train
img_000765.jpg,,,train
img_000766.jpg,,,train
img_000767.jpg,,,train
img_000768.jpg,,,train
img_000769.jpg,,,train
img_000770.jpg,,,train
img_000771.jpg,,,train
img_000772.jpg,,,train
img_000773.jpg,,,train
img_000774.jpg,,,train
img_000775.jpg,,,train
img_000776.jpg,,,train
img_000777.jpg,,,train
img_000778.jpg,,,train
img_000779.jpg,,,train
img_000780.jpg,,,train
img_000781.jpg,,,train
img_000782.jpg,,,train
img_000783.jpg,,,train
img_000784.jpg,,,train
img_000785.jpg,,,train
img_000786.jpg,,,train
img_000787.jpg,,,train
img_000788.jpg,,,train
img_000789.jpg,,,train
img_000790.jpg,,,train
img_000791.jpg,,,train
img_000792.jpg,,,train
img_000793.jpg,,,train
img_000794.jpg,,,train
img_000795.jpg,,,train
img_000796.jpg,,,train
img_000797.jpg,,,train
img_000798.jpg,,,train
img_000799.jpg,,,train
img_000800.jpg,,,train
img_000801.jpg,,,train
img_000802.jpg,,,train
img_000803.jpg,,,train
img_000804.jpg,,,train
img_000805.jpg,,,train
img_000806.jpg,,,train
img_000807.jpg,,,train
img_000808.jpg,,,train
img_000809.jpg,,,train
img_000810.jpg,,,train
img_000811.jpg,,,train
img_000812.jpg,,,train
img_000813.jpg,,,train
img_000814.jpg,,,train
img_000815.jpg,,,train
img_000816.jpg,,,train
img_000817.jpg,,,train
img_000818.jpg,,,train
img_000819.jpg,,,train
img_000820.jpg,,,train
img_000821.jpg,,,train
img_000822.jpg,,,train
img_000823.jpg,,,train
img_000824.jpg,,,train
img_000825.jpg,,,train
img_000826.jpg,,,train
img_000827.jpg,,,train
img_000828.jpg,,,train
img_000829.jpg,,,train
img_000830.jpg,,,train
img_000831.jpg,,,train
img_000832.jpg,,,train
img_000833.jpg,,,train
img_000834.jpg,,,train
img_000835.jpg,,,train
img_000836.jpg,,,train
img_000837.jpg,,,train
img_000838.jpg,,,train
img_000839.jpg,,,train
img_000840.jpg,,,train
img_000841.jpg,"Музыкант с гитарой и его коллеги выступают на сцене концертного зала.

",Gitaristas su kolegomis koncertų salės scenoje.,val
img_000842.jpg,"Спелые фрукты на дереве в окружении еще зеленых.

",Sunokę vaisiai ant medžio tarp dar žalių vaisių.,val
img_000843.jpg,"Довольный мужчина с женщиной ожидают начала трапезы.

","Patenkinti vyras ir moteris, laukiantys valgio pradžios.",val
img_000844.jpg,Море с металлической вышкой на понтонах и противоположным зеленым холмистым берегом.,Jūra su metaliniu bokštu ant pontonų ir žaliuojančiu kalvotu krantu fone.,val
img_000845.jpg,"Тенистая под могучими деревьями пешеходная дорожка в солнечный день.

",Didingų medžių šešėlyje esantis pėsčiųjų takas saulėtą dieną.,val
img_000846.jpg,"Мужчина едет на работу на машине в маленьком городке.

",Į darbą automobiliu važiuojantis vyras mažame miestelyje.,val
img_000847.jpg,"Въезд с открытыми воротами на лесную дорогу.

",Įvažiavimas į miško kelią su atvirais vartais.,val
img_000848.jpg,"Фасад дорогого частного дома в солнечный день.

",Prabangaus privataus namo fasadas saulėtą dieną.,val
img_000849.jpg,"Двое работников винной лавки демонстрируют свое вино.

",Du vyninės darbuotojai demonstruoja savo vyną.,val
img_000850.jpg,Темная очень узкая улочка в старом городе.,Tamsi ir labai siaura senamiesčio gatvelė.,val
img_000851.jpg,Старое черно-белое фото женщины на велосипеде с ребенком сидящим на багажнике на оживленной городской улице.,Sena nespalvota nuotrauka: moteris su dviračiu ir ant bagažinės sėdinčiu vaiku judrioje gatvėje.,val
img_000852.jpg,"пустая комната в общественном учреждении с яркой картиной на стене.

",Tuščia viešosios įstaigos patalpa su ryškiu paveikslu ant sienos.,val
img_000853.jpg,"Скалистый покрытый лесом выступ с водопадом и частично замершим водоемом.

",Mišku apaugusi uolėta atbraila su kriokliu ir dalinai užšalusiu vandens telkiniu.,val
img_000854.jpg,"Женщина на фоне упавшего большого дерева в лесу.

",Moteris nuvirtusio didelio medžio fone miške.,val
img_000855.jpg,Машины возле стадиона и временных торговых палаток.,Automobiliai prie stadiono ir laikinų prekybos palapinių.,val
img_000856.jpg,"Заброшенные заржавевшие ретро машины во дворе на улице.

",Apleisti ir surūdiję retro automobiliai kieme po atviru dangumi.,val
img_000857.jpg,"Ретро автомобиль с двухцветным окрасом на парковке на улице.

",Dvispalvis retro automobilis automobilių stovėjimo aikštelėje.,val
img_000858.jpg,"Брусчатая улица европейского городка в солнечный день.

",Europos miestelio grįsta gatvė saulėtą dieną.,val
img_000859.jpg,"Улица с баром на Британских островах в пасмурный день.

",Gatvė su baru Britų salose debesuotą dieną.,val
img_000860.jpg,"Свежеприготовленная еда крупным планом на сковороде.

",Šviežiai paruoštas maistas su laimo griežinėliais keptuvėje (stambus planas).,val
img_000861.jpg,"Мужчина делает доклад на конференции стоя за трибуной.

",Konferencijoje už tribūnos stovintis ir pranešimą skaitantis vyras.,val
img_000862.jpg,"Локомотив выезжает из арки в здании.

",Iš pastato arkos išvažiuojantis lokomotyvas.,val
img_000863.jpg,"Открытая книга с детскими сказками и рисунком, которую читают.

",Atversta ir skaitoma vaikiškų pasakų knyga su iliustracijomis.,val
img_000864.jpg,"Внутреннее убранство кафе в нерабочие часы.

",Kavinės vidus ne darbo valandomis.,val
img_000865.jpg,"Открытая книга с текстом предположительно на арабском языке.


","Atversta knyga su tekstu, tikėtina, arabų kalba.",val
img_000866.jpg,"Поле с линией электропередач и поворотом железной дороги рядом.

",Laukas su elektros perdavimo linija ir netoliese esančiu geležinkelio posūkiu.,val
img_000867.jpg,"Красная спецмашина подбрасывает детей в кузове.

","Raudona specialiosios paskirties mašina, kurios kėbule šokinėja vaikai.",val
img_000868.jpg,"Красная припаркованная старая машина на улице городка.

",Miestelio gatvėje priparkuotas senas raudonas automobilis.,val
img_000869.jpg,"Повар разделывает мясо.

",Mėsą pjaustantis virtuvės šefas.,val
img_000870.jpg,"Оживленная улица поздно вечером.

",Judri gatvė vėlų vakarą.,val
img_000871.jpg,,,val
img_000872.jpg,,,val
img_000873.jpg,,,val
img_000874.jpg,,,val
img_000875.jpg,,,val
img_000876.jpg,,,val
img_000877.jpg,,,val
img_000878.jpg,,,val
img_000879.jpg,,,val
img_000880.jpg,,,val
img_000881.jpg,,,val
img_000882.jpg,,,val
img_000883.jpg,,,val
img_000884.jpg,,,val
img_000885.jpg,,,val
img_000886.jpg,,,val
img_000887.jpg,,,val
img_000888.jpg,,,val
img_000889.jpg,,,val
img_000890.jpg,,,val
img_000891.jpg,,,val
img_000892.jpg,,,val
img_000893.jpg,,,val
img_000894.jpg,,,val
img_000895.jpg,,,val
img_000896.jpg,,,val
img_000897.jpg,,,val
img_000898.jpg,,,val
img_000899.jpg,,,val
img_000900.jpg,,,val
img_000901.jpg,,,val
img_000902.jpg,,,val
img_000903.jpg,,,val
img_000904.jpg,,,val
img_000905.jpg,,,val
img_000906.jpg,,,val
img_000907.jpg,,,val
img_000908.jpg,,,val
img_000909.jpg,,,val
img_000910.jpg,,,val
img_000911.jpg,,,val
img_000912.jpg,,,val
img_000913.jpg,,,val
img_000914.jpg,,,val
img_000915.jpg,,,val
img_000916.jpg,,,val
img_000917.jpg,,,val
img_000918.jpg,,,val
img_000919.jpg,,,val
img_000920.jpg,,,val
img_000921.jpg,,,val
img_000922.jpg,,,val
img_000923.jpg,,,val
img_000924.jpg,,,val
img_000925.jpg,,,val
img_000926.jpg,,,val
img_000927.jpg,,,val
img_000928.jpg,,,val
img_000929.jpg,,,val
img_000930.jpg,,,val
img_000931.jpg,,,val
img_000932.jpg,,,val
img_000933.jpg,,,val
img_000934.jpg,,,val
img_000935.jpg,,,val
img_000936.jpg,,,val
img_000937.jpg,,,val
img_000938.jpg,,,val
img_000939.jpg,,,val
img_000940.jpg,,,val
img_000941.jpg,,,val
img_000942.jpg,,,val
img_000943.jpg,,,val
img_000944.jpg,,,val
img_000945.jpg,,,val
img_000946.jpg,,,val
img_000947.jpg,,,val
img_000948.jpg,,,val
img_000949.jpg,,,val
img_000950.jpg,,,val
img_000951.jpg,,,val
img_000952.jpg,,,val
img_000953.jpg,,,val
img_000954.jpg,,,val
img_000955.jpg,,,val
img_000956.jpg,,,val
img_000957.jpg,,,val
img_000958.jpg,,,val
img_000959.jpg,,,val
img_000960.jpg,,,val
img_000961.jpg,,,val
img_000962.jpg,,,val
img_000963.jpg,,,val
img_000964.jpg,,,val
img_000965.jpg,,,val
img_000966.jpg,,,val
img_000967.jpg,,,val
img_000968.jpg,,,val
img_000969.jpg,,,val
img_000970.jpg,,,val
img_000971.jpg,,,val
img_000972.jpg,,,val
img_000973.jpg,,,val
img_000974.jpg,,,val
img_000975.jpg,,,val
img_000976.jpg,,,val
img_000977.jpg,,,val
img_000978.jpg,,,val
img_000979.jpg,,,val
img_000980.jpg,,,val
img_000981.jpg,,,val
img_000982.jpg,,,val
img_000983.jpg,,,val
img_000984.jpg,,,val
img_000985.jpg,,,val
img_000986.jpg,,,val
img_000987.jpg,,,val
img_000988.jpg,,,val
img_000989.jpg,,,val
img_000990.jpg,,,val
img_000991.jpg,,,val
img_000992.jpg,,,val
img_000993.jpg,,,val
img_000994.jpg,,,val
img_000995.jpg,,,val
img_000996.jpg,,,val
img_000997.jpg,,,val
img_000998.jpg,,,val
img_000999.jpg,,,val
img_001000.jpg,,,val
img_001001.jpg,,,val
img_001002.jpg,,,val
img_001003.jpg,,,val
img_001004.jpg,,,val
img_001005.jpg,,,val
img_001006.jpg,,,val
img_001007.jpg,,,val
img_001008.jpg,,,val
img_001009.jpg,,,val
img_001010.jpg,,,val
img_001011.jpg,,,val
img_001012.jpg,,,val
img_001013.jpg,,,val
img_001014.jpg,,,val
img_001015.jpg,,,val
img_001016.jpg,,,val
img_001017.jpg,,,val
img_001018.jpg,,,val
img_001019.jpg,,,val
img_001020.jpg,,,val
img_001021.jpg,"Собаки отдыхают возле порога входа в дом.

",Šunys ilsisi prie namų slenksčio.,test
img_001022.jpg,"Заброшенная квартира с мусором на полу.

",Apleistas butas su šiukšlėmis ant grindų.,test
img_001023.jpg,"Архивное черно-белое фото паровоза.

",Archyvinė nespalvota garvežio nuotrauka.,test
img_001024.jpg,"Разноцветие фасадов на городской улице в дождливый день.

",Spalvingi pastatų fasadai miesto gatvėje lietingą dieną.,test
img_001025.jpg,"Улица идущая возле старинного здания с башнями.

",Gatvė šalia senovinio pastato su bokštais.,test
img_001026.jpg,"Модель на показе моды в черном костюме.

",Juodu kostiumu vilkintis modelis mados pristatyme.,test
img_001027.jpg,"Старая машина во дворе дома в сельской местности с петухом на крыше.

",Senas automobilis kaimo sodybos kieme su gaidžiu ant stogo.,test
img_001028.jpg,"Гоночный карт во время заезда на трассе.

",Lenktyninis kartas trasoje važiavimo metu.,test
img_001029.jpg,"Черно-белое фото девушек с велосипедами.

",Nespalvota nuotrauka: merginos su dviračiais.,test
img_001030.jpg,"Мероприятие под открытым небом автовладельцем машины модели Плимут.

",Renginys po atviru dangumi su „Plymouth“ markės automobiliu.,test
img_001031.jpg,"Черно-белое фото частного белого двухэтажного дома.

",Nespalvota nuotrauka: privatus baltas dviejų aukštų namas.,test
img_001032.jpg,"Схема общественного транспорта на остановке.

",Viešojo transporto schema stotelėje.,test
img_001033.jpg,"Большая модель фентезийного дракона на улице.

",Didelis fantastinio drakono modelis gatvėje.,test
img_001034.jpg,"Выступление гитариста и его команды на сцене в лучах софитов.

",Gitaristo ir jo grupės pasirodymas scenoje prožektorių šviesose.,test
img_001035.jpg,"Человек обнимает большое дерево поросшее мхом.

","Žmogus, apkabinęs didelį samanotą medį.",test
img_001036.jpg,"Пейзаж долины в засушливой местности на фоне гор.

",Sausringos vietovės slėnio peizažas kalnų fone.,test
img_001037.jpg,"Человек с катаной в лесу демонстрирует свои навыки владения холодным оружием.

",Kataną valdantis žmogus miške demonstruoja savo įgūdžius.,test
img_001038.jpg,"Очень высокое дерево на фоне голубого неба.

",Labai aukštas medis giedro dangaus fone.,test
img_001039.jpg,"Множество мониторов на столбе показывающих музыкальные клипы.

","Daug monitorių ant stulpo, rodančių muzikos klipus.",test
img_001040.jpg,"Женщина с воздушными шарами сидящая за столом.


",Prie stalo sėdinti moteris su oro balionais.,test
img_001041.jpg,"Фото митинга с флагами на фоне ратуши.

",Mitingas su vėliavomis rotušės fone.,test
img_001042.jpg,"Осенний пейзаж с осыпавшимися оранжевыми листьями.

",Rudens peizažas su nukritusiais oranžiniais lapais.,test
img_001043.jpg,"Лодка с пассажирами и дельфин в реке.

",Valtis su keleiviais ir delfinas upėje.,test
img_001044.jpg,"Каменные руины заросшие зеленью.

",Žalumynais apaugę akmeniniai griuvėsiai.,test
img_001045.jpg,"Лошади в заснеженную зиму на фоне гор.

",Arkliai snieguotą žiemą kalnų fone.,test
img_001046.jpg,"Вид на реку и противоположный берег реки, где на фоне виднеются множество кранов.

","Upės vaizdas ir kitas krantas, kuriame tolyje matyti daugybė kranų.",test
img_001047.jpg,"Лесная извилистая дорожка.

",Vingiuotas miško takelis.,test
img_001048.jpg,"Надвигающаяся темная туча на фоне чистого неба.

",Artėjantis tamsus debesis giedro dangaus fone.,test
img_001049.jpg,"Донжон и башня средневекового замка.

",Viduramžių pilies donžonas ir bokštas.,test
img_001050.jpg,Театральное детское выступление на сцене в исторических костюмах.,Teatralizuotas vaikų pasirodymas scenoje su istoriniais kostiumais.,test
img_001051.jpg,,,test
img_001052.jpg,,,test
img_001053.jpg,,,test
img_001054.jpg,,,test
img_001055.jpg,,,test
img_001056.jpg,,,test
img_001057.jpg,,,test
img_001058.jpg,,,test
img_001059.jpg,,,test
img_001060.jpg,,,test
img_001061.jpg,,,test
img_001062.jpg,,,test
img_001063.jpg,,,test
img_001064.jpg,,,test
img_001065.jpg,,,test
img_001066.jpg,,,test
img_001067.jpg,,,test
img_001068.jpg,,,test
img_001069.jpg,,,test
img_001070.jpg,,,test
img_001071.jpg,,,test
img_001072.jpg,,,test
img_001073.jpg,,,test
img_001074.jpg,,,test
img_001075.jpg,,,test
img_001076.jpg,,,test
img_001077.jpg,,,test
img_001078.jpg,,,test
img_001079.jpg,,,test
img_001080.jpg,,,test
img_001081.jpg,,,test
img_001082.jpg,,,test
img_001083.jpg,,,test
img_001084.jpg,,,test
img_001085.jpg,,,test
img_001086.jpg,,,test
img_001087.jpg,,,test
img_001088.jpg,,,test
img_001089.jpg,,,test
img_001090.jpg,,,test
img_001091.jpg,,,test
img_001092.jpg,,,test
img_001093.jpg,,,test
img_001094.jpg,,,test
img_001095.jpg,,,test
img_001096.jpg,,,test
img_001097.jpg,,,test
img_001098.jpg,,,test
img_001099.jpg,,,test
img_001100.jpg,,,test
img_001101.jpg,,,test
img_001102.jpg,,,test
img_001103.jpg,,,test
img_001104.jpg,,,test
img_001105.jpg,,,test
img_001106.jpg,,,test
img_001107.jpg,,,test
img_001108.jpg,,,test
img_001109.jpg,,,test
img_001110.jpg,,,test
img_001111.jpg,,,test
img_001112.jpg,,,test
img_001113.jpg,,,test
img_001114.jpg,,,test
img_001115.jpg,,,test
img_001116.jpg,,,test
img_001117.jpg,,,test
img_001118.jpg,,,test
img_001119.jpg,,,test
img_001120.jpg,,,test
img_001121.jpg,,,test
img_001122.jpg,,,test
img_001123.jpg,,,test
img_001124.jpg,,,test
img_001125.jpg,,,test
img_001126.jpg,,,test
img_001127.jpg,,,test
img_001128.jpg,,,test
img_001129.jpg,,,test
img_001130.jpg,,,test
img_001131.jpg,,,test
img_001132.jpg,,,test
img_001133.jpg,,,test
img_001134.jpg,,,test
img_001135.jpg,,,test
img_001136.jpg,,,test
img_001137.jpg,,,test
img_001138.jpg,,,test
img_001139.jpg,,,test
img_001140.jpg,,,test
img_001141.jpg,,,test
img_001142.jpg,,,test
img_001143.jpg,,,test
img_001144.jpg,,,test
img_001145.jpg,,,test
img_001146.jpg,,,test
img_001147.jpg,,,test
img_001148.jpg,,,test
img_001149.jpg,,,test
img_001150.jpg,,,test
img_001151.jpg,,,test
img_001152.jpg,,,test
img_001153.jpg,,,test
img_001154.jpg,,,test
img_001155.jpg,,,test
img_001156.jpg,,,test
img_001157.jpg,,,test
img_001158.jpg,,,test
img_001159.jpg,,,test
img_001160.jpg,,,test
img_001161.jpg,,,test
img_001162.jpg,,,test
img_001163.jpg,,,test
img_001164.jpg,,,test
img_001165.jpg,,,test
img_001166.jpg,,,test
img_001167.jpg,,,test
img_001168.jpg,,,test
img_001169.jpg,,,test
img_001170.jpg,,,test
img_001171.jpg,,,test
img_001172.jpg,,,test
img_001173.jpg,,,test
img_001174.jpg,,,test
img_001175.jpg,,,test
img_001176.jpg,,,test
img_001177.jpg,,,test
img_001178.jpg,,,test
img_001179.jpg,,,test
img_001180.jpg,,,test
img_001181.jpg,,,test
img_001182.jpg,,,test
img_001183.jpg,,,test
img_001184.jpg,,,test
img_001185.jpg,,,test
img_001186.jpg,,,test
img_001187.jpg,,,test
img_001188.jpg,,,test
img_001189.jpg,,,test
img_001190.jpg,,,test
img_001191.jpg,,,test
img_001192.jpg,,,test
img_001193.jpg,,,test
img_001194.jpg,,,test
img_001195.jpg,,,test
img_001196.jpg,,,test
img_001197.jpg,,,test
img_001198.jpg,,,test
img_001199.jpg,,,test
img_001200.jpg,,,test
